{
  "hidden_sizes": [
    128,
    512,
    128,
    1024,
    256
  ],
  "dropout": 0.0,
  "learning_rate": 0.0006351691948652155,
  "weight_decay": 4.10095929607619e-05,
  "lambda_bce": 0.0,
  "batch_size": 4,
  "finetune_last_layers": 5
}