{
  "hidden_sizes": [
    512,
    128,
    1024,
    1024,
    512
  ],
  "dropout": 0.0,
  "learning_rate": 0.00032982825481824284,
  "weight_decay": 0.00031185608979231047,
  "lambda_bce": 0.01,
  "batch_size": 8,
  "finetune_last_layers": 0
}